;PC1;PC2;PC3;labels;markers;Family;Colors
0;-2.625847;7.4047337;-5.3630176;6HIO[A-E];circle;5HT3R;rgb(239, 255, 0)
1;-2.720478;6.8343782;-5.3836365;6HIO[E-D];circle;5HT3R;rgb(239, 255, 0)
2;-3.3777568;6.7629943;-5.35459;6HIO[D-C];circle;5HT3R;rgb(239, 255, 0)
3;-2.3393693;6.0185056;-5.9670887;6HIO[C-B];circle;5HT3R;rgb(239, 255, 0)
4;-0.26592958;6.3627005;-6.040882;6HIO[B-A];circle;5HT3R;rgb(239, 255, 0)
5;-0.40984836;7.2395205;-5.7176905;6HIQ[A-E];circle;5HT3R;rgb(239, 255, 0)
6;-1.5395466;8.101358;-5.371703;6HIQ[E-D];circle;5HT3R;rgb(239, 255, 0)
7;-1.8371781;6.9838;-6.1497765;6HIQ[D-C];circle;5HT3R;rgb(239, 255, 0)
8;-0.77664536;7.3408403;-6.149543;6HIQ[C-B];circle;5HT3R;rgb(239, 255, 0)
9;-0.70168203;7.560667;-6.2620335;6HIQ[B-A];circle;5HT3R;rgb(239, 255, 0)
10;-8.138843;-1.0370262;-0.9955912;6HIN[A-E];circle;5HT3R;rgb(239, 255, 0)
11;-8.626874;-0.93293595;-0.79548067;6HIN[E-D];circle;5HT3R;rgb(239, 255, 0)
12;-8.172368;-0.8443438;-0.73719853;6HIN[D-C];circle;5HT3R;rgb(239, 255, 0)
13;-8.422133;-1.0562694;-0.95083535;6HIN[C-B];circle;5HT3R;rgb(239, 255, 0)
14;-8.74733;-0.7912734;-0.6853456;6HIN[B-A];circle;5HT3R;rgb(239, 255, 0)
15;-6.0584035;6.564389;-11.188062;6HIS[A-E];circle;5HT3R;rgb(239, 255, 0)
16;-5.925335;6.7257867;-11.167577;6HIS[E-D];circle;5HT3R;rgb(239, 255, 0)
17;-5.827473;6.5599117;-11.00626;6HIS[D-C];circle;5HT3R;rgb(239, 255, 0)
18;-5.8394017;6.474909;-11.094929;6HIS[C-B];circle;5HT3R;rgb(239, 255, 0)
19;-5.701968;6.760668;-10.851098;6HIS[B-A];circle;5HT3R;rgb(239, 255, 0)
20;-5.9450927;9.904827;-6.4369745;6NP0[A-E];circle;5HT3R;rgb(239, 255, 0)
21;-5.856064;8.96484;-7.183353;6NP0[E-D];circle;5HT3R;rgb(239, 255, 0)
22;-8.659543;8.4384;-7.0415435;6NP0[D-C];circle;5HT3R;rgb(239, 255, 0)
23;-7.4619045;6.9352455;-8.10915;6NP0[C-B];circle;5HT3R;rgb(239, 255, 0)
24;-3.5466502;7.7174654;-7.177918;6NP0[B-A];circle;5HT3R;rgb(239, 255, 0)
25;6.4377084;-2.9066608;-8.725926;6Y5B[A-B];circle;5HT3R;rgb(239, 255, 0)
26;-1.5029142;2.4890113;-3.871004;6Y5B[B-C];circle;5HT3R;rgb(239, 255, 0)
27;8.494478;-6.816561;0.6831947;6Y5B[C-D];circle;5HT3R;rgb(239, 255, 0)
28;7.6176834;-6.5154815;-3.546345;6Y5B[D-E];circle;5HT3R;rgb(239, 255, 0)
29;14.021896;12.160874;11.217085;6Y5B[E-A];circle;5HT3R;rgb(239, 255, 0)
30;19.657791;37.577232;22.297096;6Y5A[A-B];circle;5HT3R;rgb(239, 255, 0)
31;31.680696;14.505409;5.769732;6Y5A[B-C];circle;5HT3R;rgb(239, 255, 0)
32;18.079386;36.737484;23.699118;6Y5A[C-D];circle;5HT3R;rgb(239, 255, 0)
33;22.07335;17.8546;12.205989;6Y5A[D-E];circle;5HT3R;rgb(239, 255, 0)
34;33.019962;19.057732;9.529864;6Y5A[E-A];circle;5HT3R;rgb(239, 255, 0)
35;8.358035;-0.42402723;1.1166621;6Y59[A-E];circle;5HT3R;rgb(239, 255, 0)
36;8.360126;-0.4246591;1.1152982;6Y59[E-D];circle;5HT3R;rgb(239, 255, 0)
37;8.358113;-0.42390493;1.1157843;6Y59[D-C];circle;5HT3R;rgb(239, 255, 0)
38;8.358176;-0.4253111;1.1158484;6Y59[C-B];circle;5HT3R;rgb(239, 255, 0)
39;8.357446;-0.42488745;1.1161873;6Y59[B-A];circle;5HT3R;rgb(239, 255, 0)
40;-4.7852254;4.8602343;-8.638738;6Y1Z[A-E];circle;5HT3R;rgb(239, 255, 0)
41;-5.420257;5.360131;-8.320804;6Y1Z[E-D];circle;5HT3R;rgb(239, 255, 0)
42;-5.392421;5.1899805;-8.314206;6Y1Z[D-C];circle;5HT3R;rgb(239, 255, 0)
43;-5.6438246;4.687368;-8.288532;6Y1Z[C-B];circle;5HT3R;rgb(239, 255, 0)
44;-5.1219115;4.956786;-8.753105;6Y1Z[B-A];circle;5HT3R;rgb(239, 255, 0)
45;22.940542;25.548174;11.237052;6DG8[A-E];circle;5HT3R;rgb(239, 255, 0)
46;20.789131;25.401228;11.24077;6DG8[E-D];circle;5HT3R;rgb(239, 255, 0)
47;22.254734;25.536497;10.360011;6DG8[D-C];circle;5HT3R;rgb(239, 255, 0)
48;22.419615;24.047583;9.578104;6DG8[C-B];circle;5HT3R;rgb(239, 255, 0)
49;23.13558;25.733982;10.489057;6DG8[B-A];circle;5HT3R;rgb(239, 255, 0)
50;-3.7553532;13.267518;-5.644377;6DG7[A-E];circle;5HT3R;rgb(239, 255, 0)
51;-3.893434;12.987346;-6.04941;6DG7[E-D];circle;5HT3R;rgb(239, 255, 0)
52;-3.851101;12.82399;-6.0222125;6DG7[D-C];circle;5HT3R;rgb(239, 255, 0)
53;-3.4229789;12.5930605;-6.01599;6DG7[C-B];circle;5HT3R;rgb(239, 255, 0)
54;-3.3501184;13.281648;-5.9932876;6DG7[B-A];circle;5HT3R;rgb(239, 255, 0)
55;-6.0614753;14.495862;-7.983588;6BE1[A-E];circle;5HT3R;rgb(239, 255, 0)
56;-5.7525826;10.63727;-10.28828;6BE1[E-D];circle;5HT3R;rgb(239, 255, 0)
57;-5.3042245;13.874553;-10.660107;6BE1[D-C];circle;5HT3R;rgb(239, 255, 0)
58;-6.0360126;13.156325;-10.33738;6BE1[C-B];circle;5HT3R;rgb(239, 255, 0)
59;-4.6691933;10.351903;-8.332233;6BE1[B-A];circle;5HT3R;rgb(239, 255, 0)
60;-7.76484;10.089406;-6.273993;6W1Y[A-E];circle;5HT3R;rgb(239, 255, 0)
61;-8.276696;9.776876;-6.1383367;6W1Y[E-D];circle;5HT3R;rgb(239, 255, 0)
62;-10.018386;9.931609;-6.128468;6W1Y[D-C];circle;5HT3R;rgb(239, 255, 0)
63;-10.647384;9.091945;-6.7214246;6W1Y[C-B];circle;5HT3R;rgb(239, 255, 0)
64;-8.482579;9.701684;-6.4038634;6W1Y[B-A];circle;5HT3R;rgb(239, 255, 0)
65;-4.7786965;12.377487;-5.57664;6W1J[A-E];circle;5HT3R;rgb(239, 255, 0)
66;-3.993565;11.6416025;-5.324135;6W1J[E-D];circle;5HT3R;rgb(239, 255, 0)
67;-5.9238276;11.4836035;-5.598181;6W1J[D-C];circle;5HT3R;rgb(239, 255, 0)
68;-5.752497;11.024418;-5.7816405;6W1J[C-B];circle;5HT3R;rgb(239, 255, 0)
69;-3.828429;11.986545;-5.597311;6W1J[B-A];circle;5HT3R;rgb(239, 255, 0)
70;-4.8185244;9.080616;-5.580913;6W1M[A-E];circle;5HT3R;rgb(239, 255, 0)
71;-6.4799557;9.753769;-5.9275146;6W1M[E-D];circle;5HT3R;rgb(239, 255, 0)
72;-7.9882874;8.707447;-6.1918607;6W1M[D-C];circle;5HT3R;rgb(239, 255, 0)
73;-8.0085945;8.476114;-6.4921064;6W1M[C-B];circle;5HT3R;rgb(239, 255, 0)
74;-5.984859;8.841769;-6.3488193;6W1M[B-A];circle;5HT3R;rgb(239, 255, 0)
75;-4.778738;7.1577053;-9.030178;4PIR[A-E];circle;5HT3R;rgb(239, 255, 0)
76;-4.90176;8.326939;-8.0686455;4PIR[E-D];circle;5HT3R;rgb(239, 255, 0)
77;-6.086339;7.6175914;-8.588485;4PIR[D-C];circle;5HT3R;rgb(239, 255, 0)
78;-4.836324;8.100857;-8.831318;4PIR[C-B];circle;5HT3R;rgb(239, 255, 0)
79;-5.821908;8.158446;-8.444485;4PIR[B-A];circle;5HT3R;rgb(239, 255, 0)
80;15.563192;3.1993396;-1.9986796;7KOO[A-B];circle;nAChR;rgb(254, 32, 32)
81;16.510838;3.6252186;-1.3429407;7KOO[B-C];circle;nAChR;rgb(254, 32, 32)
82;14.271402;3.0098846;-1.8479649;7KOO[C-D];circle;nAChR;rgb(254, 32, 32)
83;14.380999;2.9223125;-1.6054825;7KOO[D-E];circle;nAChR;rgb(254, 32, 32)
84;15.732159;3.378696;-1.5614833;7KOO[E-A];circle;nAChR;rgb(254, 32, 32)
85;3.166644;4.1430707;0.16354747;7KOQ[A-B];circle;nAChR;rgb(254, 32, 32)
86;3.3370874;3.8493762;0.054585524;7KOQ[B-C];circle;nAChR;rgb(254, 32, 32)
87;2.1954212;3.7024014;0.15114579;7KOQ[C-D];circle;nAChR;rgb(254, 32, 32)
88;2.0161111;3.2887554;-0.017258331;7KOQ[D-E];circle;nAChR;rgb(254, 32, 32)
89;2.8244386;3.3522902;-0.11624361;7KOQ[E-A];circle;nAChR;rgb(254, 32, 32)
90;-5.7319064;0.04688675;4.317725;7KOX[A-B];circle;nAChR;rgb(254, 32, 32)
91;-5.6753626;-0.29549888;4.226978;7KOX[B-C];circle;nAChR;rgb(254, 32, 32)
92;-5.865742;0.033643212;4.208968;7KOX[C-D];circle;nAChR;rgb(254, 32, 32)
93;-5.963775;-0.01664714;4.3077025;7KOX[D-E];circle;nAChR;rgb(254, 32, 32)
94;-5.5582657;-0.043907177;4.259264;7KOX[E-A];circle;nAChR;rgb(254, 32, 32)
95;8.131016;-2.666249;3.2855217;6PV7[A-B];circle;nAChR;rgb(254, 32, 32)
96;-3.4201186;-5.4243793;5.0856967;6PV7[B-C];circle;nAChR;rgb(254, 32, 32)
97;-0.5856599;-8.11733;2.2042048;6PV7[C-D];circle;nAChR;rgb(254, 32, 32)
98;5.1196117;-4.094243;3.514277;6PV7[D-E];circle;nAChR;rgb(254, 32, 32)
99;-0.99203163;-6.546854;3.0097103;6PV7[E-A];circle;nAChR;rgb(254, 32, 32)
100;6.435706;-2.180796;3.3643713;6PV8[A-B];circle;nAChR;rgb(254, 32, 32)
101;-4.443167;-5.2036557;5.3188767;6PV8[B-C];circle;nAChR;rgb(254, 32, 32)
102;-0.49074453;-8.067993;1.6891155;6PV8[C-D];circle;nAChR;rgb(254, 32, 32)
103;3.0283506;-2.1609497;4.30283;6PV8[D-E];circle;nAChR;rgb(254, 32, 32)
104;-1.0516521;-6.229744;3.1155548;6PV8[E-A];circle;nAChR;rgb(254, 32, 32)
105;15.535175;-5.038715;-3.1659946;6UWZ[A-B];circle;nAChR;rgb(254, 32, 32)
106;18.549335;-10.63215;-2.1740541;6UWZ[B-C];circle;nAChR;rgb(254, 32, 32)
107;20.318659;-4.3216085;-0.8269363;6UWZ[C-D];circle;nAChR;rgb(254, 32, 32)
108;15.943582;-4.2584157;-3.4670618;6UWZ[D-E];circle;nAChR;rgb(254, 32, 32)
109;19.329435;-7.705327;-1.8118525;6UWZ[E-A];circle;nAChR;rgb(254, 32, 32)
110;-1.3791943;-6.196329;2.498835;6UR8[A-B];circle;nAChR;rgb(254, 32, 32)
111;-6.934146;-4.654494;4.0251517;6UR8[B-C];circle;nAChR;rgb(254, 32, 32)
112;-4.0415816;-5.1772676;3.1764622;6UR8[C-D];circle;nAChR;rgb(254, 32, 32)
113;-1.1290225;-4.6102195;2.8860323;6UR8[D-E];circle;nAChR;rgb(254, 32, 32)
114;-5.5791116;-4.5741625;5.4485674;6UR8[E-A];circle;nAChR;rgb(254, 32, 32)
115;0.08507629;-4.4510264;1.8644176;6CNK[A-B];circle;nAChR;rgb(254, 32, 32)
116;0.7045759;-4.8761644;1.3012319;6CNK[B-C];circle;nAChR;rgb(254, 32, 32)
117;-2.4271393;-5.2782984;2.7288494;6CNK[C-D];circle;nAChR;rgb(254, 32, 32)
118;0.7312733;-5.341736;0.28706607;6CNK[D-E];circle;nAChR;rgb(254, 32, 32)
119;-3.670933;-5.9916363;2.6937714;6CNK[E-A];circle;nAChR;rgb(254, 32, 32)
120;0.98323876;-4.207901;0.8814316;6CNJ[A-B];circle;nAChR;rgb(254, 32, 32)
121;-4.38874;-5.341838;2.6209457;6CNJ[B-C];circle;nAChR;rgb(254, 32, 32)
122;-2.6993535;-4.7091823;1.1658723;6CNJ[C-D];circle;nAChR;rgb(254, 32, 32)
123;0.10821302;-4.78075;0.8563379;6CNJ[D-E];circle;nAChR;rgb(254, 32, 32)
124;-4.0155764;-5.5469594;2.5626113;6CNJ[E-A];circle;nAChR;rgb(254, 32, 32)
125;2.3370311;-6.3076067;3.0490472;5KXI[A-B];circle;nAChR;rgb(254, 32, 32)
126;-0.39487222;-7.7541437;3.6984818;5KXI[B-C];circle;nAChR;rgb(254, 32, 32)
127;0.7539978;-8.513179;2.3509781;5KXI[C-D];circle;nAChR;rgb(254, 32, 32)
128;2.7765033;-6.280824;2.3633506;5KXI[D-E];circle;nAChR;rgb(254, 32, 32)
129;-0.103972286;-8.686348;3.6155446;5KXI[E-A];circle;nAChR;rgb(254, 32, 32)
130;-0.7188563;11.954236;-14.738585;4BOR[A-E];circle;nAChR;rgb(254, 32, 32)
131;-5.483157;12.554779;11.308726;4BOR[E-D];circle;nAChR;rgb(254, 32, 32)
132;-7.73716;18.604334;-13.572824;4BOR[D-C];circle;nAChR;rgb(254, 32, 32)
133;1.1126378;6.1598277;1.4730836;4BOR[C-B];circle;nAChR;rgb(254, 32, 32)
134;-1.760403;17.425234;12.737495;4BOR[B-A];circle;nAChR;rgb(254, 32, 32)
135;-0.7202913;11.954608;-14.737992;4BOT[A-E];circle;nAChR;rgb(254, 32, 32)
136;-5.4848623;12.555193;11.308319;4BOT[E-D];circle;nAChR;rgb(254, 32, 32)
137;-7.737054;18.604185;-13.571723;4BOT[D-C];circle;nAChR;rgb(254, 32, 32)
138;1.1100372;6.1589475;1.4732294;4BOT[C-B];circle;nAChR;rgb(254, 32, 32)
139;-1.7603259;17.425783;12.736066;4BOT[B-A];circle;nAChR;rgb(254, 32, 32)
140;-0.7192904;11.952906;-14.737861;4BON[A-E];circle;nAChR;rgb(254, 32, 32)
141;-5.4846497;12.553974;11.309966;4BON[E-D];circle;nAChR;rgb(254, 32, 32)
142;-7.735022;18.60294;-13.5713825;4BON[D-C];circle;nAChR;rgb(254, 32, 32)
143;1.1090972;6.159825;1.473028;4BON[C-B];circle;nAChR;rgb(254, 32, 32)
144;-1.7585807;17.42609;12.736848;4BON[B-A];circle;nAChR;rgb(254, 32, 32)
145;-0.718696;11.954194;-14.737813;4BOO[A-E];circle;nAChR;rgb(254, 32, 32)
146;-5.48449;12.553745;11.3084545;4BOO[E-D];circle;nAChR;rgb(254, 32, 32)
147;-7.736127;18.60174;-13.57074;4BOO[D-C];circle;nAChR;rgb(254, 32, 32)
148;1.1089692;6.161779;1.4729954;4BOO[C-B];circle;nAChR;rgb(254, 32, 32)
149;-1.7616512;17.429064;12.736021;4BOO[B-A];circle;nAChR;rgb(254, 32, 32)
150;-0.718185;11.952514;-14.7375965;4BOI[A-E];circle;nAChR;rgb(254, 32, 32)
151;-5.4845543;12.555224;11.310181;4BOI[E-D];circle;nAChR;rgb(254, 32, 32)
152;-7.7366004;18.60452;-13.571888;4BOI[D-C];circle;nAChR;rgb(254, 32, 32)
153;1.1123441;6.1583796;1.472865;4BOI[C-B];circle;nAChR;rgb(254, 32, 32)
154;-1.7625158;17.427155;12.737477;4BOI[B-A];circle;nAChR;rgb(254, 32, 32)
155;1.7761912;14.9719;-14.0637;4AQ5[A-E];circle;nAChR;rgb(254, 32, 32)
156;-7.6189356;13.311297;12.472412;4AQ5[E-D];circle;nAChR;rgb(254, 32, 32)
157;-4.9198713;19.90752;-12.689782;4AQ5[D-C];circle;nAChR;rgb(254, 32, 32)
158;-3.2095034;14.924086;3.5255053;4AQ5[C-B];circle;nAChR;rgb(254, 32, 32)
159;-0.86083764;16.237455;12.305149;4AQ5[B-A];circle;nAChR;rgb(254, 32, 32)
160;-4.1851487;12.8810835;-13.086452;4AQ9[A-E];circle;nAChR;rgb(254, 32, 32)
161;-6.500846;13.279364;13.440265;4AQ9[E-D];circle;nAChR;rgb(254, 32, 32)
162;-8.853686;19.822477;-11.50338;4AQ9[D-C];circle;nAChR;rgb(254, 32, 32)
163;-6.416626;13.84123;2.9162655;4AQ9[C-B];circle;nAChR;rgb(254, 32, 32)
164;-4.248253;15.622275;12.447907;4AQ9[B-A];circle;nAChR;rgb(254, 32, 32)
165;-0.7184235;11.953605;-14.737733;2BG9[A-E];circle;nAChR;rgb(254, 32, 32)
166;-5.4840245;12.554473;11.308473;2BG9[E-D];circle;nAChR;rgb(254, 32, 32)
167;-7.7370286;18.604418;-13.5715;2BG9[D-C];circle;nAChR;rgb(254, 32, 32)
168;1.1104847;6.159381;1.4730375;2BG9[C-B];circle;nAChR;rgb(254, 32, 32)
169;-1.760517;17.427414;12.736981;2BG9[B-A];circle;nAChR;rgb(254, 32, 32)
170;-7.4721174;-4.99389;3.574751;6PLS[A-E];circle;GlyR;rgb(0, 204, 150)
171;-7.316554;-5.0436907;3.57073;6PLS[E-D];circle;GlyR;rgb(0, 204, 150)
172;-7.3586817;-4.9587245;3.590896;6PLS[D-C];circle;GlyR;rgb(0, 204, 150)
173;-7.4208145;-4.989959;3.562119;6PLS[C-B];circle;GlyR;rgb(0, 204, 150)
174;-7.374513;-5.017305;3.5944636;6PLS[B-A];circle;GlyR;rgb(0, 204, 150)
175;18.441315;-6.100686;-1.1653845;6PLT[A-E];circle;GlyR;rgb(0, 204, 150)
176;18.22066;-5.9928207;-1.1127508;6PLT[E-D];circle;GlyR;rgb(0, 204, 150)
177;18.111078;-6.0483065;-1.1273025;6PLT[D-C];circle;GlyR;rgb(0, 204, 150)
178;18.20164;-6.090128;-1.1682838;6PLT[C-B];circle;GlyR;rgb(0, 204, 150)
179;18.12051;-6.152206;-1.2020388;6PLT[B-A];circle;GlyR;rgb(0, 204, 150)
180;-6.525043;-4.5834746;2.6311634;6PLU[A-E];circle;GlyR;rgb(0, 204, 150)
181;-6.2577944;-4.650753;2.6143823;6PLU[E-D];circle;GlyR;rgb(0, 204, 150)
182;-6.3498116;-4.5669456;2.6484098;6PLU[D-C];circle;GlyR;rgb(0, 204, 150)
183;-6.3720117;-4.636813;2.6333332;6PLU[C-B];circle;GlyR;rgb(0, 204, 150)
184;-6.363861;-4.5542736;2.686993;6PLU[B-A];circle;GlyR;rgb(0, 204, 150)
185;17.972654;-6.6844916;-1.6245861;6PLV[A-E];circle;GlyR;rgb(0, 204, 150)
186;18.029251;-6.627482;-1.5545399;6PLV[E-D];circle;GlyR;rgb(0, 204, 150)
187;17.961319;-6.6487546;-1.5815054;6PLV[D-C];circle;GlyR;rgb(0, 204, 150)
188;18.03583;-6.6358695;-1.5332816;6PLV[C-B];circle;GlyR;rgb(0, 204, 150)
189;17.903284;-6.6699095;-1.5874075;6PLV[B-A];circle;GlyR;rgb(0, 204, 150)
190;-10.105576;-4.274324;3.7939203;6PLR[A-E];circle;GlyR;rgb(0, 204, 150)
191;-10.222243;-4.321648;3.7383466;6PLR[E-D];circle;GlyR;rgb(0, 204, 150)
192;-10.123032;-4.295263;3.7656105;6PLR[D-C];circle;GlyR;rgb(0, 204, 150)
193;-10.027124;-4.315947;3.756428;6PLR[C-B];circle;GlyR;rgb(0, 204, 150)
194;-10.158563;-4.2640653;3.7712827;6PLR[B-A];circle;GlyR;rgb(0, 204, 150)
195;17.25554;-8.411925;-1.2547511;6PXD[A-B];circle;GlyR;rgb(0, 204, 150)
196;17.00408;-8.206247;-1.0397145;6PXD[B-C];circle;GlyR;rgb(0, 204, 150)
197;17.119171;-8.118641;-1.0460162;6PXD[C-D];circle;GlyR;rgb(0, 204, 150)
198;17.319805;-8.909112;-1.6025333;6PXD[D-E];circle;GlyR;rgb(0, 204, 150)
199;17.432373;-7.877937;-1.1187501;6PXD[E-A];circle;GlyR;rgb(0, 204, 150)
200;-7.0396986;-4.744928;1.4504211;6PLO[A-E];circle;GlyR;rgb(0, 204, 150)
201;-7.0607576;-4.714765;1.4655029;6PLO[E-D];circle;GlyR;rgb(0, 204, 150)
202;-7.0219073;-4.723338;1.4351921;6PLO[D-C];circle;GlyR;rgb(0, 204, 150)
203;-7.073084;-4.698902;1.466786;6PLO[C-B];circle;GlyR;rgb(0, 204, 150)
204;-7.0227246;-4.6952343;1.4615257;6PLO[B-A];circle;GlyR;rgb(0, 204, 150)
205;-6.4720182;-5.5054426;-0.72093767;6X3W[A-B];circle;GABAAR;rgb(43, 113, 255)
206;-13.025403;-3.1108568;-0.55047935;6X3W[B-C];diamond;GABAAR;rgb(43, 113, 255)
207;-5.360341;-6.321856;-0.37276554;6X3W[C-D];circle;GABAAR;rgb(43, 113, 255)
208;-5.1641417;-6.1235223;-2.9891098;6X3W[D-E];circle;GABAAR;rgb(43, 113, 255)
209;-10.504994;-3.4515054;0.56151074;6X3W[E-A];diamond;GABAAR;rgb(43, 113, 255)
210;-0.4184403;2.1198328;-0.021557558;6X3X[A-B];diamond;GABAAR;rgb(43, 113, 255)
211;-0.24006014;-7.936699;-3.3294897;6X3X[B-C];circle;GABAAR;rgb(43, 113, 255)
212;-1.1372284;1.6538147;1.3234408;6X3X[C-D];diamond;GABAAR;rgb(43, 113, 255)
213;-0.29941234;-5.0372725;-2.3526123;6X3X[D-E];circle;GABAAR;rgb(43, 113, 255)
214;5.1309733;-4.778038;0.14829156;6X3X[E-A];diamond;GABAAR;rgb(43, 113, 255)
215;1.8270535;-1.1338688;-0.79375297;6X3U[A-B];circle;GABAAR;rgb(43, 113, 255)
216;-14.806094;-0.4580719;-4.525916;6X3U[B-C];circle;GABAAR;rgb(43, 113, 255)
217;-0.06361009;-0.7257696;-0.5388873;6X3U[C-D];circle;GABAAR;rgb(43, 113, 255)
218;-6.010029;-0.09973516;-4.517704;6X3U[D-E];circle;GABAAR;rgb(43, 113, 255)
219;-7.828878;3.0775764;7.6638803;6X3U[E-A];circle;GABAAR;rgb(43, 113, 255)
220;3.4650228;-4.432616;-2.867094;6X3Z[A-B];circle;GABAAR;rgb(43, 113, 255)
221;-7.4870806;-5.3117743;-4.303693;6X3Z[B-C];circle;GABAAR;rgb(43, 113, 255)
222;2.959475;-3.2390115;-0.29180002;6X3Z[C-D];circle;GABAAR;rgb(43, 113, 255)
223;-1.1493722;-4.3389497;-5.3595285;6X3Z[D-E];circle;GABAAR;rgb(43, 113, 255)
224;-3.6863031;-2.6181338;5.865626;6X3Z[E-A];circle;GABAAR;rgb(43, 113, 255)
225;15.576547;-7.0084276;-1.7561408;6HUK[B-A];circle;GABAAR;rgb(43, 113, 255)
226;6.911851;-5.562081;-2.308146;6HUK[A-E];circle;GABAAR;rgb(43, 113, 255)
227;14.212737;-6.6634436;-2.135273;6HUK[E-D];circle;GABAAR;rgb(43, 113, 255)
228;11.303227;-7.7875013;1.759229;6HUK[D-C];circle;GABAAR;rgb(43, 113, 255)
229;6.794979;-4.239835;0.9650176;6HUK[C-B];circle;GABAAR;rgb(43, 113, 255)
230;15.672776;-6.964431;-1.5936813;6HUJ[B-A];circle;GABAAR;rgb(43, 113, 255)
231;7.3676224;-5.8820176;-1.4518744;6HUJ[A-E];circle;GABAAR;rgb(43, 113, 255)
232;13.65447;-7.1682515;-1.7533711;6HUJ[E-D];circle;GABAAR;rgb(43, 113, 255)
233;11.033472;-7.646534;1.1194179;6HUJ[D-C];circle;GABAAR;rgb(43, 113, 255)
234;7.730518;-4.139672;3.3882065;6HUJ[C-B];circle;GABAAR;rgb(43, 113, 255)
235;-1.43755;-2.442509;-0.22969809;6HUO[B-A];circle;GABAAR;rgb(43, 113, 255)
236;-2.0265455;-8.768148;-2.2457447;6HUO[A-E];circle;GABAAR;rgb(43, 113, 255)
237;0.50223476;-3.5000293;-1.1888921;6HUO[E-D];circle;GABAAR;rgb(43, 113, 255)
238;-4.607676;-6.4049854;-0.48374844;6HUO[D-C];circle;GABAAR;rgb(43, 113, 255)
239;-1.371821;-7.120575;0.073016435;6HUO[C-B];circle;GABAAR;rgb(43, 113, 255)
240;16.507435;-7.0149965;-1.0998722;6HUG[B-A];circle;GABAAR;rgb(43, 113, 255)
241;8.748562;-5.4113073;-0.052493185;6HUG[A-E];circle;GABAAR;rgb(43, 113, 255)
242;14.979334;-8.025823;-1.9787933;6HUG[E-D];circle;GABAAR;rgb(43, 113, 255)
243;13.325134;-8.162542;1.9960078;6HUG[D-C];circle;GABAAR;rgb(43, 113, 255)
244;8.349273;-3.7100098;3.4010887;6HUG[C-B];circle;GABAAR;rgb(43, 113, 255)
245;0.26253283;1.1435945;-1.4151047;6HUP[B-A];diamond;GABAAR;rgb(43, 113, 255)
246;-0.1595109;-7.5219817;-2.07795;6HUP[A-E];circle;GABAAR;rgb(43, 113, 255)
247;0.4783647;0.6983663;-0.9205788;6HUP[E-D];diamond;GABAAR;rgb(43, 113, 255)
248;-4.25363;-5.947112;0.6937245;6HUP[D-C];circle;GABAAR;rgb(43, 113, 255)
249;3.4192913;-7.801689;1.0388699;6HUP[C-B];circle;GABAAR;rgb(43, 113, 255)
250;-19.544619;-2.2933607;1.1568588;4COF[B-A];circle;GABAAR;rgb(43, 113, 255)
251;-19.374744;-2.4172;1.2493823;4COF[A-E];circle;GABAAR;rgb(43, 113, 255)
252;-19.075922;-2.3025615;1.2550317;4COF[E-D];circle;GABAAR;rgb(43, 113, 255)
253;-18.916536;-2.3415005;1.377677;4COF[D-C];circle;GABAAR;rgb(43, 113, 255)
254;-19.71057;-2.088651;1.4726934;4COF[C-B];circle;GABAAR;rgb(43, 113, 255)
255;-15.467386;-6.8946533;0.6326807;5OJM[A-B];circle;GABAAR_chimera;rgb(106, 128, 156)
256;-16.679495;-5.781884;1.5807741;5OJM[B-C];circle;GABAAR_chimera;rgb(106, 128, 156)
257;-15.638451;-6.719526;1.0692072;5OJM[C-D];circle;GABAAR_chimera;rgb(106, 128, 156)
258;-15.938571;-6.5097513;1.1768017;5OJM[D-E];circle;GABAAR_chimera;rgb(106, 128, 156)
259;-16.151323;-6.608775;0.82506996;5OJM[E-A];circle;GABAAR_chimera;rgb(106, 128, 156)
260;-16.019205;-5.398985;0.9409288;5OSC[A-E];circle;GABAAR_chimera;rgb(106, 128, 156)
261;-16.440477;-4.7351675;1.3363605;5OSC[E-D];circle;GABAAR_chimera;rgb(106, 128, 156)
262;-16.254168;-4.9827776;1.1752253;5OSC[D-C];circle;GABAAR_chimera;rgb(106, 128, 156)
263;-16.518194;-4.8160553;1.2190062;5OSC[C-B];circle;GABAAR_chimera;rgb(106, 128, 156)
264;-16.60809;-5.2556057;0.71559143;5OSC[B-A];circle;GABAAR_chimera;rgb(106, 128, 156)
265;-14.460437;-5.033198;0.64123493;5OSB[A-E];circle;GABAAR_chimera;rgb(106, 128, 156)
266;-14.946684;-4.302828;1.9163924;5OSB[E-D];circle;GABAAR_chimera;rgb(106, 128, 156)
267;-13.909084;-3.8165698;1.2260699;5OSB[D-C];circle;GABAAR_chimera;rgb(106, 128, 156)
268;-14.516364;-4.7835674;1.3234153;5OSB[C-B];circle;GABAAR_chimera;rgb(106, 128, 156)
269;-14.904523;-4.4183044;1.6154542;5OSB[B-A];circle;GABAAR_chimera;rgb(106, 128, 156)
270;-15.940389;-4.6974907;1.1347519;5OSA[A-E];circle;GABAAR_chimera;rgb(106, 128, 156)
271;-16.548376;-5.3380723;1.2526573;5OSA[E-D];circle;GABAAR_chimera;rgb(106, 128, 156)
272;-16.091156;-4.7963204;1.6005952;5OSA[D-C];circle;GABAAR_chimera;rgb(106, 128, 156)
273;-16.110035;-5.0245576;1.6569273;5OSA[C-B];circle;GABAAR_chimera;rgb(106, 128, 156)
274;-16.134884;-5.2180724;1.2899808;5OSA[B-A];circle;GABAAR_chimera;rgb(106, 128, 156)
275;-14.752347;-6.5177884;1.8260826;5O8F[A-B];circle;GABAAR_chimera;rgb(106, 128, 156)
276;-14.375571;-6.9209943;1.790036;5O8F[B-C];circle;GABAAR_chimera;rgb(106, 128, 156)
277;-14.63932;-6.755776;1.6495214;5O8F[C-D];circle;GABAAR_chimera;rgb(106, 128, 156)
278;-14.586661;-6.4644613;1.263003;5O8F[D-E];circle;GABAAR_chimera;rgb(106, 128, 156)
279;-14.698983;-6.512603;0.5368863;5O8F[E-A];circle;GABAAR_chimera;rgb(106, 128, 156)
280;-4.833754;3.4398835;9.795606;6X3T[A-B];diamond;GABAAR;rgb(43, 113, 255)
281;-13.625846;-5.716731;-2.1745594;6X3T[B-C];circle;GABAAR;rgb(43, 113, 255)
282;-1.8783088;-1.3981854;4.040218;6X3T[C-D];diamond;GABAAR;rgb(43, 113, 255)
283;-6.215912;-4.9466915;-2.5987384;6X3T[D-E];circle;GABAAR;rgb(43, 113, 255)
284;-5.2857337;-4.618954;1.8355427;6X3T[E-A];circle;GABAAR;rgb(43, 113, 255)
285;-4.0991697;1.2302092;1.8880918;6X3V[A-B];circle;GABAAR;rgb(43, 113, 255)
286;-3.2532098;-7.8646326;-3.2741709;6X3V[B-C];circle;GABAAR;rgb(43, 113, 255)
287;-3.719167;0.16463023;1.4025886;6X3V[C-D];circle;GABAAR;rgb(43, 113, 255)
288;-7.980211;-5.8177595;-0.4878815;6X3V[D-E];circle;GABAAR;rgb(43, 113, 255)
289;2.476645;-7.4897523;1.7724539;6X3V[E-A];circle;GABAAR;rgb(43, 113, 255)
290;15.748308;-5.158613;-1.3457949;6X3S[A-B];circle;GABAAR;rgb(43, 113, 255)
291;4.5249424;-2.8841777;-3.3364704;6X3S[B-C];circle;GABAAR;rgb(43, 113, 255)
292;14.9909725;-6.8729715;-2.037033;6X3S[C-D];circle;GABAAR;rgb(43, 113, 255)
293;7.1142797;-5.8535795;-0.42498422;6X3S[D-E];circle;GABAAR;rgb(43, 113, 255)
294;5.553519;-4.530429;2.9462023;6X3S[E-A];circle;GABAAR;rgb(43, 113, 255)
295;9.61404;-2.7799993;-2.1143937;6X40[A-B];circle;GABAAR;rgb(43, 113, 255)
296;0.5378996;-3.42346;-3.735101;6X40[B-C];circle;GABAAR;rgb(43, 113, 255)
297;7.1847167;-4.850658;-1.0259038;6X40[C-D];circle;GABAAR;rgb(43, 113, 255)
298;1.4718885;-4.7033277;-5.051314;6X40[D-E];circle;GABAAR;rgb(43, 113, 255)
299;6.340823;-5.949468;2.1104257;6X40[E-A];circle;GABAAR;rgb(43, 113, 255)
300;-16.878014;-5.9140635;1.9665174;6D1S[A-E];circle;GABAAR_chimera;rgb(106, 128, 156)
301;-14.961202;-6.030211;0.9705937;6D1S[E-D];circle;GABAAR_chimera;rgb(106, 128, 156)
302;-17.13236;-6.1055274;1.3537502;6D1S[D-C];circle;GABAAR_chimera;rgb(106, 128, 156)
303;-16.262695;-6.1406302;1.5689142;6D1S[C-B];circle;GABAAR_chimera;rgb(106, 128, 156)
304;-16.486916;-5.948617;1.2832736;6D1S[B-A];circle;GABAAR_chimera;rgb(106, 128, 156)
305;-17.85934;-6.025442;1.367811;6CDU[A-E];circle;GABAAR_chimera;rgb(106, 128, 156)
306;-15.313183;-5.9953218;0.9977457;6CDU[E-D];circle;GABAAR_chimera;rgb(106, 128, 156)
307;-16.886429;-6.381515;2.186656;6CDU[D-C];circle;GABAAR_chimera;rgb(106, 128, 156)
308;-17.553396;-5.792785;2.262453;6CDU[C-B];circle;GABAAR_chimera;rgb(106, 128, 156)
309;-17.11372;-6.075741;2.271034;6CDU[B-A];circle;GABAAR_chimera;rgb(106, 128, 156)
310;2.071174;1.2203519;1.5922049;6A96[B-A];circle;GABAAR;rgb(43, 113, 255)
311;-4.807089;8.908352;4.569079;6A96[A-E];circle;GABAAR;rgb(43, 113, 255)
312;-10.952511;6.1588626;4.8731084;6A96[E-D];circle;GABAAR;rgb(43, 113, 255)
313;-11.504821;4.3174524;3.7953374;6A96[D-C];circle;GABAAR;rgb(43, 113, 255)
314;-7.2322297;2.0386167;2.5235636;6A96[C-B];circle;GABAAR;rgb(43, 113, 255)
315;-1.663519;-3.2661133;-0.7326406;6I53[B-A];circle;GABAAR;rgb(43, 113, 255)
316;-1.7064364;-8.412836;-1.5834664;6I53[A-E];circle;GABAAR;rgb(43, 113, 255)
317;-0.0055460343;-2.365957;-0.049961105;6I53[E-D];circle;GABAAR;rgb(43, 113, 255)
318;-3.9255316;-6.352264;-0.8572728;6I53[D-C];circle;GABAAR;rgb(43, 113, 255)
319;-0.99366575;-7.2498455;-0.021281673;6I53[C-B];circle;GABAAR;rgb(43, 113, 255)
320;26.884943;4.5887165;1.6611289;4X5T[A-E];circle;GlyR_chimera;rgb(119, 150, 142)
321;27.38691;6.209663;3.1680574;4X5T[E-D];circle;GlyR_chimera;rgb(119, 150, 142)
322;26.103106;5.7711487;3.1527557;4X5T[D-C];circle;GlyR_chimera;rgb(119, 150, 142)
323;26.964462;4.860667;2.6896553;4X5T[C-B];circle;GlyR_chimera;rgb(119, 150, 142)
324;25.388845;6.614647;2.7678356;4X5T[B-A];circle;GlyR_chimera;rgb(119, 150, 142)
325;-6.7542367;1.2113823;2.3900502;3JAF[A-B];circle;GlyR;rgb(0, 204, 150)
326;-6.52494;0.39918464;1.798159;3JAF[B-C];circle;GlyR;rgb(0, 204, 150)
327;-5.8097835;0.5618362;1.7447678;3JAF[C-D];circle;GlyR;rgb(0, 204, 150)
328;-5.8957863;0.60290074;1.8137336;3JAF[D-E];circle;GlyR;rgb(0, 204, 150)
329;-5.8335137;1.0714597;2.0141973;3JAF[E-A];circle;GlyR;rgb(0, 204, 150)
330;18.010176;-8.286835;-2.8793616;3JAD[A-B];circle;GlyR;rgb(0, 204, 150)
331;17.44013;-8.789894;-3.0400715;3JAD[B-C];circle;GlyR;rgb(0, 204, 150)
332;17.834074;-8.118827;-2.719592;3JAD[C-D];circle;GlyR;rgb(0, 204, 150)
333;17.848627;-8.591844;-3.0350542;3JAD[D-E];circle;GlyR;rgb(0, 204, 150)
334;17.017683;-8.21757;-3.0144079;3JAD[E-A];circle;GlyR;rgb(0, 204, 150)
335;-3.2286756;5.7657895;2.1915092;3JAE[A-B];circle;GlyR;rgb(0, 204, 150)
336;-3.0744073;5.5829086;2.0907745;3JAE[B-C];circle;GlyR;rgb(0, 204, 150)
337;-3.1426718;5.4637237;2.0310001;3JAE[C-D];circle;GlyR;rgb(0, 204, 150)
338;-3.0118604;5.638418;2.126212;3JAE[D-E];circle;GlyR;rgb(0, 204, 150)
339;-3.1934845;5.952165;2.0633047;3JAE[E-A];circle;GlyR;rgb(0, 204, 150)
340;16.592993;-4.8799005;-3.025283;5CFB[A-B];circle;GlyR;rgb(0, 204, 150)
341;20.596622;-4.647311;2.6004143;5CFB[B-C];circle;GlyR;rgb(0, 204, 150)
342;22.18221;-5.3984933;-1.0905213;5CFB[C-D];circle;GlyR;rgb(0, 204, 150)
343;16.651552;-5.2506423;-1.1339694;5CFB[D-E];circle;GlyR;rgb(0, 204, 150)
344;24.074389;-3.6981952;1.3554856;5CFB[E-A];circle;GlyR;rgb(0, 204, 150)
345;-8.844913;-0.55269027;1.4443178;5VDH[A-B];circle;GlyR;rgb(0, 204, 150)
346;-8.403081;-0.8390143;1.5761026;5VDH[B-C];circle;GlyR;rgb(0, 204, 150)
347;-9.514667;-0.801919;1.9794087;5VDH[C-D];circle;GlyR;rgb(0, 204, 150)
348;-9.340435;-0.3587159;1.9992301;5VDH[D-E];circle;GlyR;rgb(0, 204, 150)
349;-9.108774;-1.0442877;1.7061983;5VDH[E-A];circle;GlyR;rgb(0, 204, 150)
350;-6.882188;-0.7503951;1.6096165;5VDI[A-B];circle;GlyR;rgb(0, 204, 150)
351;-7.277113;-1.2147906;1.4713315;5VDI[B-C];circle;GlyR;rgb(0, 204, 150)
352;-7.2395897;-0.99238175;1.1713666;5VDI[C-D];circle;GlyR;rgb(0, 204, 150)
353;-7.1706233;-1.0239389;1.3261682;5VDI[D-E];circle;GlyR;rgb(0, 204, 150)
354;-7.217085;-1.0925802;1.5636317;5VDI[E-A];circle;GlyR;rgb(0, 204, 150)
355;-10.851585;-5.554362;3.5083742;5TIN[A-B];circle;GlyR;rgb(0, 204, 150)
356;-10.717065;-5.636658;3.451736;5TIN[B-C];circle;GlyR;rgb(0, 204, 150)
357;-11.09386;-5.5285506;2.9332495;5TIN[C-D];circle;GlyR;rgb(0, 204, 150)
358;-10.136859;-5.502713;3.3142667;5TIN[D-E];circle;GlyR;rgb(0, 204, 150)
359;-11.094781;-5.447671;3.784642;5TIN[E-A];circle;GlyR;rgb(0, 204, 150)
360;-10.925847;-4.5071473;2.044605;5TIO[A-B];circle;GlyR;rgb(0, 204, 150)
361;-9.8396635;-4.363725;2.396225;5TIO[B-C];circle;GlyR;rgb(0, 204, 150)
362;-11.271328;-4.185947;2.5419095;5TIO[C-D];circle;GlyR;rgb(0, 204, 150)
363;-11.514194;-4.0218897;2.5512447;5TIO[D-E];circle;GlyR;rgb(0, 204, 150)
364;-9.915974;-4.40384;2.2119288;5TIO[E-A];circle;GlyR;rgb(0, 204, 150)
365;-10.279879;1.5752621;2.2303588;6VM3[A-B];circle;GlyR;rgb(0, 204, 150)
366;-10.458929;2.306786;2.2487843;6VM3[B-C];circle;GlyR;rgb(0, 204, 150)
367;-10.877645;1.99522;2.5447006;6VM3[C-D];circle;GlyR;rgb(0, 204, 150)
368;-9.958024;2.1784708;1.886767;6VM3[D-E];circle;GlyR;rgb(0, 204, 150)
369;-11.693826;2.7506852;2.7794335;6VM3[E-A];circle;GlyR;rgb(0, 204, 150)
370;-10.288433;1.094905;2.13636;6VM2[A-B];circle;GlyR;rgb(0, 204, 150)
371;-9.3304205;1.2029198;1.9847964;6VM2[B-C];circle;GlyR;rgb(0, 204, 150)
372;-10.837832;1.0991154;1.9894612;6VM2[C-D];circle;GlyR;rgb(0, 204, 150)
373;-9.588549;0.7866016;1.7029288;6VM2[D-E];circle;GlyR;rgb(0, 204, 150)
374;-9.340942;1.4795394;1.8986661;6VM2[E-A];circle;GlyR;rgb(0, 204, 150)
375;-10.288433;1.094905;2.13636;6VM0[A-B];circle;GlyR;rgb(0, 204, 150)
376;-9.3304205;1.2029198;1.9847964;6VM0[B-C];circle;GlyR;rgb(0, 204, 150)
377;-10.837832;1.0991154;1.9894612;6VM0[C-D];circle;GlyR;rgb(0, 204, 150)
378;-9.588549;0.7866016;1.7029288;6VM0[D-E];circle;GlyR;rgb(0, 204, 150)
379;-9.340942;1.4795394;1.8986661;6VM0[E-A];circle;GlyR;rgb(0, 204, 150)
380;-5.8993726;-2.6325154;1.5917643;6PM6[A-E];circle;GlyR;rgb(0, 204, 150)
381;-5.789565;-2.6833665;1.6343786;6PM6[E-D];circle;GlyR;rgb(0, 204, 150)
382;-5.8090253;-2.7883987;1.6848959;6PM6[D-C];circle;GlyR;rgb(0, 204, 150)
383;-5.829696;-2.669811;1.5735271;6PM6[C-B];circle;GlyR;rgb(0, 204, 150)
384;-5.7185254;-2.951133;1.5514534;6PM6[B-A];circle;GlyR;rgb(0, 204, 150)
385;-7.693046;-4.2721357;1.888656;6PM5[A-E];circle;GlyR;rgb(0, 204, 150)
386;-7.6853094;-4.287097;1.840603;6PM5[E-D];circle;GlyR;rgb(0, 204, 150)
387;-7.6016164;-4.2940235;1.8382735;6PM5[D-C];circle;GlyR;rgb(0, 204, 150)
388;-7.5389466;-4.257026;1.8736336;6PM5[C-B];circle;GlyR;rgb(0, 204, 150)
389;-7.693385;-4.2287183;1.8974959;6PM5[B-A];circle;GlyR;rgb(0, 204, 150)
390;4.6647267;1.8734226;0.06740655;6PM4[A-E];circle;GlyR;rgb(0, 204, 150)
391;5.2090364;2.0556328;0.44976607;6PM4[E-D];circle;GlyR;rgb(0, 204, 150)
392;4.8405695;2.3099747;0.73961765;6PM4[D-C];circle;GlyR;rgb(0, 204, 150)
393;5.343503;2.3342643;0.6965505;6PM4[C-B];circle;GlyR;rgb(0, 204, 150)
394;5.6504498;1.8928622;0.58515614;6PM4[B-A];circle;GlyR;rgb(0, 204, 150)
395;19.46274;-6.562842;-1.7846401;6PM3[A-E];circle;GlyR;rgb(0, 204, 150)
396;19.361341;-6.457424;-1.7728357;6PM3[E-D];circle;GlyR;rgb(0, 204, 150)
397;19.290144;-6.4758105;-1.7809266;6PM3[D-C];circle;GlyR;rgb(0, 204, 150)
398;19.45975;-6.466126;-1.7999382;6PM3[C-B];circle;GlyR;rgb(0, 204, 150)
399;19.117157;-6.6265483;-1.9521707;6PM3[B-A];circle;GlyR;rgb(0, 204, 150)
400;-6.458354;-2.4983265;1.8738533;6PM2[A-E];circle;GlyR;rgb(0, 204, 150)
401;-6.1545706;-2.5976336;1.7062317;6PM2[E-D];circle;GlyR;rgb(0, 204, 150)
402;-6.2606544;-2.6257079;1.673851;6PM2[D-C];circle;GlyR;rgb(0, 204, 150)
403;-6.2463827;-2.6438591;1.8239995;6PM2[C-B];circle;GlyR;rgb(0, 204, 150)
404;-6.3756742;-2.5146255;1.796814;6PM2[B-A];circle;GlyR;rgb(0, 204, 150)
405;-6.646876;-4.6549373;2.0212076;6PM1[A-E];circle;GlyR;rgb(0, 204, 150)
406;-6.4434814;-4.740062;1.9731611;6PM1[E-D];circle;GlyR;rgb(0, 204, 150)
407;-6.5312705;-4.737419;1.9981644;6PM1[D-C];circle;GlyR;rgb(0, 204, 150)
408;-6.5708385;-4.74275;2.0046313;6PM1[C-B];circle;GlyR;rgb(0, 204, 150)
409;-6.3714814;-4.7328067;2.0063467;6PM1[B-A];circle;GlyR;rgb(0, 204, 150)
410;7.293043;6.0787754;2.4669404;6PM0[A-E];circle;GlyR;rgb(0, 204, 150)
411;7.4132257;6.2996974;2.7043583;6PM0[E-D];circle;GlyR;rgb(0, 204, 150)
412;7.0826373;6.4064612;2.729703;6PM0[D-C];circle;GlyR;rgb(0, 204, 150)
413;7.1675725;6.3899484;2.7460022;6PM0[C-B];circle;GlyR;rgb(0, 204, 150)
414;7.24334;6.2165613;2.671629;6PM0[B-A];circle;GlyR;rgb(0, 204, 150)
415;17.769527;-5.852373;-0.22175978;6UBS[A-B];circle;GlyR;rgb(0, 204, 150)
416;17.111826;-5.989212;-0.1895781;6UBS[B-C];circle;GlyR;rgb(0, 204, 150)
417;16.77235;-6.7958565;-1.246983;6UBS[C-D];circle;GlyR;rgb(0, 204, 150)
418;17.489733;-6.980697;-1.1974077;6UBS[D-E];circle;GlyR;rgb(0, 204, 150)
419;17.925547;-6.2073307;-0.8518298;6UBS[E-A];circle;GlyR;rgb(0, 204, 150)
420;-8.999196;-1.3096387;0.53670466;6UD3[A-B];circle;GlyR;rgb(0, 204, 150)
421;-10.750509;-2.0969522;0.47822255;6UD3[B-C];circle;GlyR;rgb(0, 204, 150)
422;-9.837122;-2.7298858;-0.49136397;6UD3[C-D];circle;GlyR;rgb(0, 204, 150)
423;-8.618794;-2.5952146;-0.260829;6UD3[D-E];circle;GlyR;rgb(0, 204, 150)
424;-7.9983964;-1.9891309;-0.093807295;6UD3[E-A];circle;GlyR;rgb(0, 204, 150)
425;-10.718917;-2.2447977;1.7485458;6UBT[A-B];circle;GlyR;rgb(0, 204, 150)
426;-10.498003;-1.9775856;1.938544;6UBT[B-C];circle;GlyR;rgb(0, 204, 150)
427;-11.529287;-1.3688157;2.1159828;6UBT[C-D];circle;GlyR;rgb(0, 204, 150)
428;-9.844921;-2.5959554;1.8394144;6UBT[D-E];circle;GlyR;rgb(0, 204, 150)
429;-10.868037;-1.3479697;2.4809217;6UBT[E-A];circle;GlyR;rgb(0, 204, 150)
430;-7.050419;-4.2274485;1.6549207;6PLX[A-E];circle;GlyR;rgb(0, 204, 150)
431;-6.7945495;-4.349136;1.6112969;6PLX[E-D];circle;GlyR;rgb(0, 204, 150)
432;-6.825676;-4.373266;1.5967112;6PLX[D-C];circle;GlyR;rgb(0, 204, 150)
433;-6.8267627;-4.361501;1.611259;6PLX[C-B];circle;GlyR;rgb(0, 204, 150)
434;-6.6674232;-4.2863426;1.6773114;6PLX[B-A];circle;GlyR;rgb(0, 204, 150)
435;-7.0884166;-2.8080192;1.5176511;6PLY[A-E];circle;GlyR;rgb(0, 204, 150)
436;-6.9729433;-2.879954;1.323911;6PLY[E-D];circle;GlyR;rgb(0, 204, 150)
437;-7.1920705;-2.8812768;1.2421705;6PLY[D-C];circle;GlyR;rgb(0, 204, 150)
438;-7.0727563;-2.7846954;1.3818496;6PLY[C-B];circle;GlyR;rgb(0, 204, 150)
439;-6.972;-2.9652464;1.5141995;6PLY[B-A];circle;GlyR;rgb(0, 204, 150)
440;4.711887;4.9757085;2.4780967;6PLW[A-E];circle;GlyR;rgb(0, 204, 150)
441;5.2293262;5.386113;2.7584841;6PLW[E-D];circle;GlyR;rgb(0, 204, 150)
442;4.8394423;5.6641154;3.0586407;6PLW[D-C];circle;GlyR;rgb(0, 204, 150)
443;5.351309;5.636101;3.0090978;6PLW[C-B];circle;GlyR;rgb(0, 204, 150)
444;5.4795;5.2305226;2.774971;6PLW[B-A];circle;GlyR;rgb(0, 204, 150)
445;19.74705;-6.906151;-2.3012676;6PLZ[A-E];circle;GlyR;rgb(0, 204, 150)
446;19.72457;-7.077531;-2.3887243;6PLZ[E-D];circle;GlyR;rgb(0, 204, 150)
447;19.817493;-7.0033984;-2.3468919;6PLZ[D-C];circle;GlyR;rgb(0, 204, 150)
448;20.03411;-6.923782;-2.3403041;6PLZ[C-B];circle;GlyR;rgb(0, 204, 150)
449;19.945387;-6.786469;-2.3236005;6PLZ[B-A];circle;GlyR;rgb(0, 204, 150)
450;-7.32219;-2.6476943;3.146631;6PLP[A-E];circle;GlyR;rgb(0, 204, 150)
451;-7.3090005;-2.6131623;3.1623666;6PLP[E-D];circle;GlyR;rgb(0, 204, 150)
452;-7.3685646;-2.5678282;3.1759381;6PLP[D-C];circle;GlyR;rgb(0, 204, 150)
453;-7.37701;-2.6050818;3.1730287;6PLP[C-B];circle;GlyR;rgb(0, 204, 150)
454;-7.4141564;-2.6117735;3.2034626;6PLP[B-A];circle;GlyR;rgb(0, 204, 150)
455;-7.32219;-2.6476943;3.146631;6PLQ[A-E];circle;GlyR;rgb(0, 204, 150)
456;-7.3090005;-2.6131623;3.1623666;6PLQ[E-D];circle;GlyR;rgb(0, 204, 150)
457;-7.3685646;-2.5678282;3.1759381;6PLQ[D-C];circle;GlyR;rgb(0, 204, 150)
458;-7.37701;-2.6050818;3.1730287;6PLQ[C-B];circle;GlyR;rgb(0, 204, 150)
459;-7.4141564;-2.6117735;3.2034626;6PLQ[B-A];circle;GlyR;rgb(0, 204, 150)
460;-0.5978506;-1.6880585;-1.919759;7PBD[A-E];circle;GABAAR;rgb(43, 113, 255)
461;3.038831;-1.812952;-2.7608452;7PBD[E-D];circle;GABAAR;rgb(43, 113, 255)
462;0.48719537;-1.5714079;-1.2151802;7PBD[D-C];circle;GABAAR;rgb(43, 113, 255)
463;3.837352;-1.0028238;-0.8489084;7PBD[C-B];circle;GABAAR;rgb(43, 113, 255)
464;3.873075;-4.1958;-3.7064269;7PBD[B-A];circle;GABAAR;rgb(43, 113, 255)
465;7.0473266;-0.79222214;-2.3211677;7PBZ[A-E];circle;GABAAR;rgb(43, 113, 255)
466;15.6975975;-3.0018828;-0.93165797;7PBZ[E-D];circle;GABAAR;rgb(43, 113, 255)
467;8.301485;-3.067331;-2.2326438;7PBZ[D-C];circle;GABAAR;rgb(43, 113, 255)
468;12.250421;-3.369794;-1.8321619;7PBZ[C-B];circle;GABAAR;rgb(43, 113, 255)
469;15.3818;-4.430918;-1.0679393;7PBZ[B-A];circle;GABAAR;rgb(43, 113, 255)
470;6.5705285;-7.0327625;-0.6304755;7PC0[A-E];circle;GABAAR;rgb(43, 113, 255)
471;16.330605;-4.7190013;-1.7651312;7PC0[E-D];circle;GABAAR;rgb(43, 113, 255)
472;8.489464;-6.268617;-0.93303376;7PC0[D-C];circle;GABAAR;rgb(43, 113, 255)
473;11.979548;-3.6341138;-2.167419;7PC0[C-B];circle;GABAAR;rgb(43, 113, 255)
474;15.24641;-6.2794137;-1.1149449;7PC0[B-A];circle;GABAAR;rgb(43, 113, 255)
475;-11.189588;-4.868644;-0.83983845;6QFA[A-E];circle;GABAAR;rgb(43, 113, 255)
476;-11.1871195;-4.8114686;-0.78308964;6QFA[E-D];circle;GABAAR;rgb(43, 113, 255)
477;-10.878707;-4.8302;-0.77574307;6QFA[D-C];circle;GABAAR;rgb(43, 113, 255)
478;-10.648257;-4.7996798;-0.7864015;6QFA[C-B];circle;GABAAR;rgb(43, 113, 255)
479;-11.091482;-4.6246967;-0.739442;6QFA[B-A];circle;GABAAR;rgb(43, 113, 255)
480;-4.29167;-5.089607;2.4895296;7MLY[A-B];circle;GlyR;rgb(0, 204, 150)
481;-4.8884673;-5.691684;2.5807664;7MLY[B-C];circle;GlyR;rgb(0, 204, 150)
482;-2.3142989;-4.9125156;0.94652534;7MLY[C-D];circle;GlyR;rgb(0, 204, 150)
483;-2.0531383;-4.7575912;1.0043429;7MLY[D-E];circle;GlyR;rgb(0, 204, 150)
484;-3.4122999;-5.869369;1.0563066;7MLY[E-A];circle;GlyR;rgb(0, 204, 150)
485;8.574477;-0.75409275;2.0120242;7MLU[A-B];circle;GlyR;rgb(0, 204, 150)
486;8.372843;-0.47983363;2.0612042;7MLU[B-C];circle;GlyR;rgb(0, 204, 150)
487;7.9375725;-0.8409316;2.1101718;7MLU[C-D];circle;GlyR;rgb(0, 204, 150)
488;9.033206;-1.1415449;1.8798945;7MLU[D-E];circle;GlyR;rgb(0, 204, 150)
489;8.848427;-0.9403618;2.0065212;7MLU[E-A];circle;GlyR;rgb(0, 204, 150)
490;18.84631;-6.8665;-2.953293;7L31[A-B];circle;GlyR;rgb(0, 204, 150)
491;17.686928;-6.6857824;-1.5806277;7L31[B-C];circle;GlyR;rgb(0, 204, 150)
492;16.162592;-6.4663506;-1.0085427;7L31[C-D];circle;GlyR;rgb(0, 204, 150)
493;14.805208;-5.391507;-3.8205583;7L31[D-E];circle;GlyR;rgb(0, 204, 150)
494;17.817408;-8.724021;-4.738556;7L31[E-A];circle;GlyR;rgb(0, 204, 150)
495;19.948936;-7.222406;-1.5682739;7KUY[A-B];circle;GlyR;rgb(0, 204, 150)
496;11.423709;-7.7246866;-3.9961903;7KUY[B-C];circle;GlyR;rgb(0, 204, 150)
497;19.10801;-7.6059256;1.3825448;7KUY[C-D];circle;GlyR;rgb(0, 204, 150)
498;7.1457314;-8.552462;-5.5263047;7KUY[D-E];circle;GlyR;rgb(0, 204, 150)
499;20.516886;-8.139457;-4.756814;7KUY[E-A];circle;GlyR;rgb(0, 204, 150)
500;16.266602;-0.67843693;-0.581093;5BKG[A-B];circle;GlyR;rgb(0, 204, 150)
501;-7.229616;-3.6017585;-2.987648;5BKG[B-C];circle;GlyR;rgb(0, 204, 150)
502;10.738751;-0.060524903;-0.90410376;5BKG[C-D];circle;GlyR;rgb(0, 204, 150)
503;1.4325693;1.2521739;-2.4510615;5BKG[D-E];circle;GlyR;rgb(0, 204, 150)
504;-3.8348238;-5.6394553;-2.9745824;5BKG[E-A];circle;GlyR;rgb(0, 204, 150)
505;-4.3515377;-6.7646685;0.55679405;5BKF[A-B];circle;GlyR;rgb(0, 204, 150)
506;-3.9732068;-5.872515;0.92291737;5BKF[B-C];circle;GlyR;rgb(0, 204, 150)
507;-1.0061302;-6.0847316;0.71505266;5BKF[C-D];circle;GlyR;rgb(0, 204, 150)
508;-3.677591;-5.442582;1.0027026;5BKF[D-E];circle;GlyR;rgb(0, 204, 150)
509;-2.4364257;-5.604306;-0.64111876;5BKF[E-A];circle;GlyR;rgb(0, 204, 150)
510;15.527171;-3.8479812;-5.352801;7QKO[A-E];circle;nAChR;rgb(254, 32, 32)
511;18.587378;-5.1463437;-3.1566641;7QKO[E-D];circle;nAChR;rgb(254, 32, 32)
512;14.725413;-4.001535;-4.4610834;7QKO[D-C];circle;nAChR;rgb(254, 32, 32)
513;17.682991;-7.9039593;-2.4875426;7QKO[C-B];circle;nAChR;rgb(254, 32, 32)
514;20.149239;-2.9190714;-2.100527;7QKO[B-A];circle;nAChR;rgb(254, 32, 32)
515;13.094297;-6.208084;-2.881227;7QL5[A-E];circle;nAChR;rgb(254, 32, 32)
516;3.0263638;-4.708484;3.4640672;7QL5[E-D];circle;nAChR;rgb(254, 32, 32)
517;4.5875816;-5.548225;-0.739778;7QL5[D-C];circle;nAChR;rgb(254, 32, 32)
518;4.6504364;-8.33277;0.5510261;7QL5[C-B];circle;nAChR;rgb(254, 32, 32)
519;4.6997466;-5.550421;0.23738568;7QL5[B-A];circle;nAChR;rgb(254, 32, 32)
520;13.992228;-5.6382713;-3.263241;7QL6[A-E];circle;nAChR;rgb(254, 32, 32)
521;2.1853395;-6.0126386;3.1930962;7QL6[E-D];circle;nAChR;rgb(254, 32, 32)
522;5.2355103;-5.611092;-0.63407916;7QL6[D-C];circle;nAChR;rgb(254, 32, 32)
523;5.217531;-7.5401416;0.089274004;7QL6[C-B];circle;nAChR;rgb(254, 32, 32)
524;5.6868205;-5.2367387;1.2105534;7QL6[B-A];circle;nAChR;rgb(254, 32, 32)
525;15.123599;4.71125;-2.451561;7EKI[A-B];circle;nAChR;rgb(254, 32, 32)
526;15.05942;4.8821754;-2.4570763;7EKI[B-C];circle;nAChR;rgb(254, 32, 32)
527;15.026204;4.913014;-2.218162;7EKI[C-D];circle;nAChR;rgb(254, 32, 32)
528;14.94021;4.768174;-2.441461;7EKI[D-E];circle;nAChR;rgb(254, 32, 32)
529;14.982676;4.8000116;-2.355588;7EKI[E-A];circle;nAChR;rgb(254, 32, 32)
530;4.2513185;8.286845;1.9732357;7EKT[A-B];diamond;nAChR;rgb(254, 32, 32)
531;4.2537084;8.473938;1.9021463;7EKT[B-C];diamond;nAChR;rgb(254, 32, 32)
532;4.1413527;8.281452;1.7890453;7EKT[C-D];diamond;nAChR;rgb(254, 32, 32)
533;4.468207;8.238025;1.7641561;7EKT[D-E];diamond;nAChR;rgb(254, 32, 32)
534;4.2445097;8.47042;1.917699;7EKT[E-A];diamond;nAChR;rgb(254, 32, 32)
535;5.7334847;6.11027;-0.158044;7EKP[A-B];circle;nAChR;rgb(254, 32, 32)
536;5.632318;6.2970624;-0.27664447;7EKP[B-C];circle;nAChR;rgb(254, 32, 32)
537;5.5829196;6.0893097;-0.41174066;7EKP[C-D];circle;nAChR;rgb(254, 32, 32)
538;5.8489385;6.0876536;-0.42844695;7EKP[D-E];circle;nAChR;rgb(254, 32, 32)
539;5.6811604;6.2458453;-0.24613865;7EKP[E-A];circle;nAChR;rgb(254, 32, 32)
